ID	Quote
1	To be fully alive, fully human, and completely awake is to be continually thrown out of the nest.
2	Loss is nothing else but change,and change is Natures delight.
3	Follow your instincts. That is where true wisdom manifests itself.
4	It's simple, if it jiggles, it's fat.
5	We should all be thankful for those people who rekindle the inner spirit.
6	The future belongs to those who believe in the beauty of their dreams.
7	Example has more followers than reason.
8	Chaos and Order are not enemies, only opposites.
9	He who knows that enough is enough will always have enough.
10	Today, give a stranger a smile without waiting for it may be the joy they need to have a great day.
11	The only real mistake is the one from which we learn nothing.
12	Formula for success: under promise and over deliver.
13	Ability is what you're capable of doing. Motivation determines what you do.Attitude determines how well you do it.
14	Being in humaneness is good. If we select other goodness and thus are far apart from humaneness, how can we be the wise?
15	This is the final test of a gentleman: his respect for those who can be of no possible value to him.
16	As an organizer I start from where the world is, as it is, not as I would like it to be.
17	Keep yourself to the sunshine and you cannot see the shadow.
18	When you doubt your power, you give power to your doubt.
19	The greatest remedy for anger is delay.
20	Don't frown because you never know who is falling in love with your smile.
21	If you seek truth you will not seek victory by dishonourable means, and if you find truth you will become invincible.
22	I believe that every person is born with talent.
23	If we could see the miracle of a single flower clearly, our whole life would change.
24	As the rest of the world is walking out the door, your best friends are the ones walking in.
25	We are all inclined to judge ourselves by our ideals; others, by their acts.
26	One who is too insistent on his own views, finds few to agree with him.
27	Don't cry because it's over. Smile because it happened.
28	To succeed, we must first believe that we can.
29	The least movement is of importance to all nature. The entire ocean is affected by a pebble.
30	Turn your face toward the sun and the shadows will fall behind you.
31	The spirit, the will to win, and the will to excel, are the things that endure. These qualities are so much more important than the events that occur.
32	Be miserable. Or motivate yourself. Whatever has to be done, it's always your choice.
33	Failure is not an option. Everyone has to succeed.
34	When deeds speak, words are nothing.
35	Sometimes by losing a battle you find a new way to win the war.
36	A friend is someone who understands your past, believes in your future, and accepts you just the way you are.
37	The exercise of an extraordinary gift is the supremest pleasure in life.
38	Everything in life is luck.
39	The meaning I picked, the one that changed my life: Overcome fear, behold wonder.
40	If you don't design your own life plan, chances are you'll fall into someone else's plan. And guess what they have planned for you? Not much.
41	The best way out is always through.
42	Appreciation is the highest form of prayer, for it acknowledges the presence of good wherever you shine the light of your thankful thoughts.
43	There is only one corner of the universe you can be certain of improving, and that's your own self.
44	The most formidable weapon against errors of every kind is reason.
45	If A is success in life, then A equals x plus y plus z. Work is x; y is play; and z is keeping your mouth shut.
46	Never doubt that a small group of thoughtful, committed people can change the world. Indeed. It is the only thing that ever has.
47	Peace cannot be kept by force. It can only be achieved by understanding.
48	He is a wise man who does not grieve for the things which he has not, but rejoices for those which he has.
49	We all live with the objective of being happy; our lives are all different and yet the same.
50	Everything we hear is an opinion, not a fact. Everything we see is a perspective, not the truth.
51	There is nothing in a caterpillar that tells you it's going to be a butterfly.
52	What you are is what you have been. What you'll be is what you do now.
53	The reason most goals are not achieved is that we spend our time doing second things first.
54	To know your purpose is to live a life of direction, and in that direction is found peace and tranquillity.
55	Live through feeling and you will live through love. For feeling is the language of the soul, and feeling is truth.
56	Not every difficult and dangerous thing is suitable for training, but only that which is conducive to success in achieving the object of our effort.
57	The truth you believe and cling to makes you unavailable to hear anything new.
58	Well done is better than well said.
59	Don't be afraid to go out on a limb. That's where the fruit is.
60	Man is not sum of what he has already, but rather the sum of what he does not yet have, of what he could have.
61	Bodily exercise, when compulsory, does no harm to the body; but knowledge which is acquired under compulsion obtains no hold on the mind.
62	Success is not the key to happiness. Happiness is the key to success. If you love what you are doing, you will be successful.
63	The Superior Man is aware of Righteousness, the inferior man is aware of advantage.
64	You can be what you want to be. You have the power within and we will help you always.
65	Bite off more than you can chew, then chew it.
66	A man of ability and the desire to accomplish something can do anything.
67	Put your future in good hands, your own.
68	If you'll not settle for anything less than your best, you will be amazed at what you can accomplish in your lives.
69	The most beautiful things in the world cannot be seen or even touched. They must be felt with the heart.
70	I am not afraid of tomorrow, for I have seen yesterday and I love today.
71	Strength to carry on despite the odds means you have faith in your own abilities and know how.
72	It is difficult to achieve a spirit of genuine cooperation as long as people remain indifferent to the feelings and happiness of others.
73	Fear is a darkroom where negatives develop.
74	The biggest adventure you can ever take is to live the life of your dreams.
75	Don't leave a stone unturned. It's always something, to know you have done the most you could.
76	Aim for success, not perfection. Never give up your right to be wrong, because then you will lose the ability to learn new things and move forward with your life.
77	The greatest part of our happiness depends on our dispositions, not our circumstances.
78	Most people are about as happy as they make up their minds to be
79	I may not know everything, but everything is not known yet anyway.
80	Don't smother each other. No one can grow in the shade.
81	Remember that sometimes not getting what you want is a wonderful stroke of luck.
82	Iron rusts from disuse; water loses its purity from stagnation... even so does inaction sap the vigour of the mind.
83	Do not waste yourself in rejection, nor bark against the bad, but chant the beauty of the good.
84	You really can change the world if you care enough.
85	Through pride we are ever deceiving ourselves. But deep down below the surface of the average conscience a still, small voice says to us, Something is out of tune.
86	One today is worth two tomorrows.
87	The greatest minds are capable of the greatest vices as well as of the greatest virtues.
88	Life is a gift, and it offers us the privilege, opportunity, and responsibility to give something back by becoming more
89	How many cares one loses when one decides not to be something but to be someone.
90	When we quit thinking primarily about ourselves and our own self-preservation, we undergo a truly heroic transformation of consciousness.
91	Before you can inspire with emotion, you must be swamped with it yourself. Before you can move their tears, your own must flow. To convince them, you must yourself believe.
92	He who knows himself is enlightened.
93	When we feel love and kindness toward others, it not only makes others feel loved and cared for, but it helps us also to develop inner happiness and peace.
94	Lose an hour in the morning, and you will spend all day looking for it.
95	We must not allow ourselves to become like the system we oppose.
96	Bad times have a scientific value. These are occasions a good learner would not miss.
97	Do more than dream: work.
98	Courage is not about taking risks unknowingly but putting your own being in front of challenges that others may not be able to.
99	Nature is a mutable cloud which is always and never the same.
100	You can't trust without risk but neither can you live in a cocoon.
101	When you are offended at any man's fault, turn to yourself and study your own failings. Then you will forget your anger.
102	You give before you get.
103	Time you enjoy wasting, was not wasted.
104	Wisdom is the supreme part of happiness.
105	When people are like each other they tend to like each other.
106	We must learn our limits. We are all something, but none of us are everything.
107	I endeavour to be wise when I cannot be merry, easy when I cannot be glad, content with what cannot be mended and patient when there is no redress.
108	Light tomorrow with today!
109	Don't let today's disappointments cast a shadow on tomorrow's dreams.
110	Anybody can make history. Only a great man can write it.
111	Leaders aren't born they are made. And they are made just like anything else, through hard work. And that's the price well have to pay to achieve that goal, or any goal.
112	A stumble may prevent a fall.
113	Who we are never changes. Who we think we are does.
114	Most of the shadows of life are caused by standing in our own sunshine.
115	When you see a man of worth, think of how you may emulate him. When you see one who is unworthy, examine yourself.
116	It isn't where you come from, it's where you're going that counts.
117	The greatest good you can do for another is not just to share your riches but to reveal to him his own.
118	The reasonable man adapts himself to the world; the unreasonable man persists in trying to adapt the world to himself. Therefore, all progress depends on the unreasonable man.
119	Courage is going from failure to failure without losing enthusiasm.
120	Love at first sight is easy to understand; its when two people have been looking at each other for a lifetime that it becomes a miracle.
121	A little knowledge that acts is worth infinitely more than much knowledge that is idle.
122	I would maintain that thanks are the highest form of thought, and that gratitude is happiness doubled by wonder.
123	The greatest barrier to success is the fear of failure.
124	Don't miss all the beautiful colors of the rainbow looking for that pot of gold.
125	Bodybuilding is much like any other sport. To be successful, you must dedicate yourself 100% to your training, diet and mental approach.
126	Be like the flower, turn your face to the sun.
127	Let me tell you the secret that has led me to my goal: my strength lies solely in my tenacity.
128	Learn all you can from the mistakes of others. You won't have time to make them all yourself.
129	In skating over thin ice our safety is in our speed.
130	Your mind will answer most questions if you learn to relax and wait for the answer.
131	A man is not where he lives but where he loves.
132	Imagination is the living power and prime agent of all human perception.
133	First say to yourself what you would be; and then do what you have to do.
134	If one does not know to which port is sailing, no wind is favorable.
135	The greatest pleasure I know is to do a good action by stealth, and to have it found out by accident.
136	You can't let praise or criticism get to you. It's a weakness to get caught up in either one.
137	Each misfortune you encounter will carry in it the seed of tomorrows good luck.
138	Life shrinks or expands in proportion to one's courage.
139	Fame usually comes to those who are thinking about something else.
140	What lies behind us and what lies before us are tiny matters compared to what lies within us.
141	No one saves us but ourselves. No one can and no one may. We ourselves must walk the path.
142	Failure will never overtake me if my determination to succeed is strong enough.
143	Life is a progress, and not a station.
144	The worst bankrupt in the world is the person who has lost his enthusiasm.
145	We shall never know all the good that a simple smile can do.
146	You were not born a winner, and you were not born a loser. You are what you make yourself be.
147	I will not be concerned at other men is not knowing me;I will be concerned at my own want of ability.
148	You cannot be lonely if you like the person you're alone with.
149	The truth is always exciting. Speak it, then. Life is dull without it.
150	The winds and waves are always on the side of the ablest navigators.
151	Genuine love should first be directed at oneself. if we do not love ourselves, how can we love others?
152	It is surprising what a man can do when he has to, and how little most men will do when they don't have to.
153	Your work is to discover your world and then with all your heart give yourself to it.
154	He who lives in harmony with himself lives in harmony with the universe.
155	The price of greatness is responsibility.
156	Life is a process. We are a process. The universe is a process.
157	We are shaped by our thoughts; we become what we think. When the mind is pure, joy follows like a shadow that never leaves.
158	Decision is a risk rooted in the courage of being free.
159	The years teach much which the days never know.
160	What we think, we become.
161	The personal life deeply lived always expands into truths beyond itself.
162	Let me tell you the secret that has led me to my goal: my strength lies solely in my tenacity
163	No garden is without its weeds.
164	When your desires are strong enough you will appear to possess superhuman powers to achieve.
165	Many people have gone further than they thought they could because someone else thought they could.
166	Always be mindful of the kindness and not the faults of others.
167	Fear grows in darkness; if you think theres a bogeyman around, turn on the light.
168	Efficiency is doing things right; effectiveness is doing the right things.
169	A weed is no more than a flower in disguise.
170	Myths which are believed in tend to become true.
171	Great talent finds happiness in execution.
172	Man cannot discover new oceans unless he has the courage to lose sight of the shore.
173	Most great people have attained their greatest success just one step beyond their greatest failure.
174	Aerodynamically the bumblebee shouldn't be able to fly, but the bumblebee doesn't know that so it goes on flying anyway.
175	Know how to listen, and you will profit even from those who talk badly.
176	Happiness does not come about only due to external circumstances; it mainly derives from inner attitudes.
177	The resistance that you fight physically in the gym and the resistance that you fight in life can only build a strong character.
178	It is better to travel well than to arrive.
179	Sunshine is delicious, rain is refreshing, wind braces us up, snow is exhilarating; there is really no such thing as bad weather, only different kinds of good weather.
180	Correction does much, but encouragement does more.
181	Our passion is our strength.
182	A man is great by deeds, not by birth.
183	Think like a man of action; act like a man of thought.
184	Change will not come if we wait for some other person or some other time. We are the ones weve been waiting for. We are the change that we seek.
185	How far that little candle throws its beams! So shines a good deed in a naughty world.
186	Never, never, never give up.
187	The best cure for the body is a quiet mind.
188	Your worst enemy cannot harm you as much as your own unguarded thoughts.
189	To avoid criticism, do nothing, say nothing, be nothing.
190	It can't be spring if your heart is filled with past failures.
191	A good decision is based on knowledge and not on numbers.
192	A prudent question is one half of wisdom.
193	Go for it now. The future is promised to no one.
194	I never think of the future. It comes soon enough.
195	Life is really simple, but we insist on making it complicated.
196	Good actions give strength to ourselves and inspire good actions in others.
197	Good luck is another name for tenacity of purpose.
198	They must often change, who would be constant in happiness or wisdom.
199	The only limit to your impact is your imagination and commitment.
200	When you come to the end of your rope, tie a knot and hang on.
201	Mediocrity knows nothing higher than itself, but talent instantly recognizes genius.
202	Kindness in words creates confidence. Kindness in thinking creates profoundness. Kindness in giving creates love.
203	Take no thought of who is right or wrong or who is better than. Be not for or against.
204	Without this playing with fantasy no creative work has ever yet come to birth. The debt we owe to the play of the imagination is incalculable.
205	Never apologize for showing feelings. When you do so, you apologize for the truth.
206	We do not quit playing because we grow old, we grow old because we quit playing.
207	Be here now. Be someplace else later. Is that so complicated?
208	I cannot give you the formula for success, but I can give you the formula for failure: which is: Try to please everybody.
209	You cannot change anything in your life with intention alone, which can become a watered-down, occasional hope that you'll get to tomorrow. Intention without action is useless.
210	The only way to tell the truth is to speak with kindness. Only the words of a loving man can be heard.
211	I believe in one thing only, the power of human will.
212	Always seek out the seed of triumph in every adversity.
213	When fate hands us a lemon, lets try to make lemonade.
214	We can do no great things, only small things with great love.
215	An idea that is developed and put into action is more important than an idea that exists only as an idea.
216	No is easier to do. Yes is easier to say.
217	A leader is best when people barely know he exists, when his work is done, his aim fulfilled, they will say: we did it ourselves.
218	Everyone can taste success when the going is easy, but few know how to taste victory when times get tough.
219	Learn wisdom from the ways of a seedling. A seedling which is never hardened off through stressful situations will never become a strong productive plant.
220	You cannot have what you do not want.
221	Do you want to know who you are? Don't ask. Act! Action will delineate and define you.
222	My own dreams fortunately came true in this great state. I became Mr. Universe; I became a successful businessman. And even though some people say I still speak with a slight accent, I have reached the top of the acting profession.
223	All I can say about life is, Oh God, enjoy it!
224	The way is not in the sky. The way is in the heart.
225	We choose our joys and sorrows long before we experience them.
226	The shoe that fits one person pinches another; there is no recipe for living that suits all cases.
227	Never idealize others. They will never live up to your expectations.
228	The only Zen you find on the tops of mountains is the Zen you bring up there.
229	Mistakes are always forgivable, if one has the courage to admit them.
230	Impossibilities are merely things which we have not yet learned.
231	We are Divine enough to ask and we are important enough to receive.
232	To know oneself is to study oneself in action with another person.
233	When the solution is simple, God is answering.
234	Silences make the real conversations between friends. Not the saying but the never needing to say is what counts.
235	Great are they who see that spiritual is stronger than any material force, that thoughts rule the world.
236	Don't wait for people to be friendly. Show them how.
237	Thousands of candles can be lit from a single, and the life of the candle will not be shortened. Happiness never decreases by being shared.
238	They say that time changes things, but you actually have to change them yourself.
239	In the sky, there is no distinction of east and west; people create distinctions out of their own minds and then believe them to be true.
240	The world is round and the place which may seem like the end may also be the beginning.
241	I think somehow we learn who we really are and then live with that decision.
242	I love my past. I love my present. Im not ashamed of what Ive had, and Im not sad because I have it no longer.
243	There is no retirement for an artist, it's your way of living so there is no end to it.
244	The place to improve the world is first in one's own heart and head and hands.
245	Nobody made a greater mistake than he who did nothing because he could do only a little.
246	Tension is who you think you should be. Relaxation is who you are.
247	Today is the tomorrow you worried about yesterday.
248	It is impossible to feel grateful and depressed in the same moment.
249	I'm not interested in age. People who tell me their age are silly. You're as old as you feel.
250	The world is a book, and those who do not travel read only a page.
251	Who sows virtue reaps honour.
252	As long as I live, I will never forget that day 21 years ago when I raised my hand and took the oath of citizenship. Do you know how proud I was? I was so proud that I walked around with an American flag around my shoulders all day long.
253	All the flowers of all the tomorrows are in the seeds of today.
254	The pessimist sees difficulty in every opportunity. The optimist sees the opportunity in every difficulty.
255	He who is fixed to a star does not change his mind.
256	Anyone who doesn't take truth seriously in small matters cannot be trusted in large ones either.
257	You block your dream when you allow your fear to grow bigger than your faith.
258	You must train your intuition, you must trust the small voice inside you which tells you exactly what to say, what to decide.
259	It is not fair to ask of others what you are unwilling to do yourself.
260	If your actions inspire others to dream more, learn more, do more and become more, you are a leader.
261	My mama always said: life's like a box of chocolate, you never know what you gonna get.
262	He who is contented is rich.
263	Continuous effort, not strength or intelligence, is the key to unlocking our potential.
264	Do not go where the path may lead, go instead where there is no path and leave a trail.
265	To keep the body in good health is a duty... otherwise we shall not be able to keep our mind strong and clear.
266	Through perseverance many people win success out of what seemed destined to be certain failure.
267	A jug fills drop by drop.
268	Science is organized knowledge. Wisdom is organized life.
269	Today is the tomorrow we worried about yesterday.
270	Judge nothing, you will be happy. Forgive everything, you will be happier. Love everything, you will be happiest.
271	By accepting yourself and being fully what you are, your presence can make others happy.
272	There are no failures, just experiences and your reactions to them.
273	The universe is transformation; our life is what our thoughts make it.
274	Keep silence for the most part, and speak only when you must, and then briefly.
275	Patience and perseverance have a magical effect before which difficulties disappear and obstacles vanish.
276	If you do what you've always done, you'll get what youve always gotten.
277	Creativity comes from trust. Trust your instincts. And never hope more than you work.
278	Knowing is not enough; we must apply!
279	Appreciation can make a day, even change a life. Your willingness to put it into words is all that is necessary.
280	Action will remove the doubts that theory cannot solve.
281	Let us be grateful to people who make us happy; they are the charming gardeners who make our souls blossom.
282	You cannot travel the path until you have become the path itself.
283	The least of things with a meaning is worth more in life than the greatest of things without it.
284	Never miss an opportunity to make others happy, even if you have to leave them alone in order to do it.
285	The greatest obstacle to connecting with our joy is resentment.
286	Every great advance in science has issued from a new audacity of the imagination.
287	Love is the flower you've got to let grow.
288	It is not only for what we do that we are held responsible, but also for what we do not do.
289	Goals are the fuel in the furnace of achievement.
290	No man was ever wise by chance.
291	Strength does not come from physical capacity. It comes from an indomitable will.
292	Staying in one place is the best path to be taken over and surpassed by many.
293	Some pursue happiness, others create it.
294	Be not angry that you cannot make others as you wish them to be, since you cannot make yourself as you wish to be.
295	If you cannot be silent be brilliant and thoughtful.
296	They can do all because they think they can.
297	Things do not change; we change.
298	Listen to your intuition. It will tell you everything you need to know.
299	Every sixty seconds you spend angry, upset or mad, is a full minute of happiness you'll never get back.
300	We never live; we are always in the expectation of living.
301	It is on our failures that we base a new and different and better success.
302	He who obtains has little. He who scatters has much.
303	To go against the dominant thinking of your friends, of most of the people you see every day, is perhaps the most difficult act of heroism you can perform.
304	Saying thank you is more than good manners. It is good spirituality.
305	Character develops itself in the stream of life.
306	Life is like a sewer. What you get out of it depends on what you put into it.
307	You have power over your mind, not outside events. Realize this, and you will find strength.
308	All is flux; nothing stays still.
309	Setting goals is the first step in turning the invisible into the visible.
310	Your destiny isn't just fate; it is how you use your own developed abilities to get what you want.
311	When you meet someone better than yourself, turn your thoughts to becoming his equal. When you meet someone not as good as you are, look within and examine your own self.
312	Though no one can go back and make a brand new start, anyone can start from now and make a brand new ending.
313	Either I will find a way, or I will make one.
314	You are always free to change your mind and choose a different future, or a different past.
315	The fox has many tricks. The hedgehog has but one. But that is the best of all.
316	Nothing is so strong as gentleness. Nothing is so gentle as real strength.
317	Smile, breathe and go slowly.
318	The grand essentials of happiness are: something to do, something to love, and something to hope for.
319	Happiness is a Swedish sunset, it is there for all, but most of us look the other way and lose it.
320	Courage is what it takes to stand up and speak; courage is also what it takes to sit down and listen.
321	No matter how carefully you plan your goals they will never be more that pipe dreams unless you pursue them with gusto.
322	Every great dream begins with a dreamer. Always remember, you have within you the strength, the patience, and the passion to reach for the stars to change the world.
323	Your vision will become clear only when you can look into your own heart. Who looks outside, dreams; who looks inside, awakes.
324	A wise man can learn more from a foolish question than a fool can learn from a wise answer.
325	I cannot make my days longer so I strive to make them better.
326	Knowledge is a process of piling up facts; wisdom lies in their simplification.
327	To fly, we have to have resistance.
328	Kind words do not cost much. Yet they accomplish much.
329	It is through science that we prove, but through intuition that we discover.
330	Reason and free inquiry are the only effectual agents against error.
331	Without leaps of imagination, or dreaming, we lose the excitement of possibilities. Dreaming, after all, is a form of planning.
332	The truest wisdom is a resolute determination.
333	Do not give your attention to what others do or fail to do; give it to what you do or fail to do.
334	I find hope in the darkest of days, and focus in the brightest. I do not judge the universe.
335	Love doesn't make the world go round, love is what makes the ride worthwhile.
336	A good plan today is better than a perfect plan tomorrow.
337	What is new in the world? Nothing. What is old in the world? Nothing. Everything has always been and will always be.
338	Self-trust is the first secret of success.
339	Count your joys instead of your woes. Count your friends instead of your foes.
340	We make a living by what we get, but we make a life by what we give.
341	Everything is perfect in the universe, even your desire to improve it.
342	Life is just a chance to grow a soul.
343	A thing long expected takes the form of the unexpected when at last it comes.
344	Those who are blessed with the most talent don't necessarily outperform everyone else. It's the people with follow-through who excel.
345	What you fear is that which requires action to overcome.
346	A hero is no braver than an ordinary man, but he is braver five minutes longer.
347	My body is like breakfast, lunch, and dinner. I don't think about it, I just have it.
348	To get the full value of joy you must have someone to divide it with.
349	Your outlook on life is a direct reflection on how much you like yourself.
350	Excellence is to do a common thing in an uncommon way.
351	It is only possible to live happily ever after on a day to day basis.
352	Change your words. Change your world.
353	So is cheerfulness, or a good temper, the more it is spent, the more remains.
354	Men of perverse opinion do not know the excellence of what is in their hands, till some one dash it from them.
355	Either you run the day or the day runs you.
356	Better than a thousand hollow words is one word that brings peace.
357	The bird of paradise alights only upon the hand that does not grasp.
358	We know what we are, but know not what we may be.
359	I walk slowly, but I never walk backward.
360	Work for something because it is good, not just because it stands a chance to succeed.
361	Mind is everything: muscle, pieces of rubber. All that I am, I am because of my mind.
362	Every man takes the limits of his own field of vision for the limits of the world.
363	Whenever something negative happens to you, there is a deep lesson concealed within it.
364	Gratitude is the fairest blossom which springs from the soul.
365	The world is but a canvas to the imagination.
366	Criticism is something you can easily avoid by saying nothing, doing nothing, and being nothing.
367	The important thing is this: to be able at any moment to sacrifice what we are for what we could become.
368	Action is the foundational key to all success.
369	There are only two mistakes one can make along the road to truth; not going all the way, and not starting.
370	The only way to have a friend is to be one.
371	An optimist is a person who sees a green light everywhere, while the pessimist sees only the red spotlight... The truly wise person is colour-blind.
372	I know but one freedom and that is the freedom of the mind.
373	Give whatever you are doing and whoever you are with the gift of your attention.
374	The pain passes, but the beauty remains.
375	Do not dwell in the past, do not dream of the future, concentrate the mind on the present moment.
376	A little more persistence, a little more effort, and what seemed hopeless failure may turn to glorious success.
377	Time changes everything except something within us which is always surprised by change.
378	I have no special talent. I am only passionately curious.
379	Conflict is the gadfly of thought. It stirs us to observation and memory. It instigates to invention. It shocks us out of sheeplike passivity, and sets us at noting and contriving.
380	Things that were hard to bear are sweet to remember.
381	Reality is merely an illusion, albeit a very persistent one.
382	Life's challenges are not supposed to paralyze you, they're supposed to help you discover who you are.
383	No act of kindness, no matter how small, is ever wasted.
384	In separateness lies the world's great misery, in compassion lies the world's true strength.
385	It takes courage to grow up and become who you really are.
386	One needs something to believe in, something for which one can have whole-hearted enthusiasm. One needs to feel that ones life has meaning, that one is needed in this world.
387	I do not believe in a fate that falls on men however they act; but I do believe in a fate that falls on them unless they act.
388	The wisest men follow their own direction.
389	The journey of a thousand miles begins with one step.
390	I don't believe in failure. It's not failure if you enjoyed the process.
391	I am glad that I paid so little attention to good advice; had I abided by it I might have been saved from some of my most valuable mistakes.
392	Strong people make as many mistakes as weak people. Difference is that strong people admit their mistakes, laugh at them, learn from them. That is how they become strong.
393	Why worry about things you can't control when you can keep yourself busy controlling the things that depend on you?
394	Trust only movement. Life happens at the level of events, not of words. Trust movement.
395	Fear not for the future, weep not for the past.
396	A short saying oft contains much wisdom.
397	Being angry never solves anything.
398	Make it a rule of life never to regret and never to look back. Regret is an appalling waste of energy; you can't build on it; it's only for wallowing in.
399	Sometimes your joy is the source of your smile, but sometimes your smile can be the source of your joy.
400	Time is the wisest counsellor of all.
401	The noblest worship is to make yourself as good and as just as you can.
402	All the world is a stage, And all the men and women merely players.They have their exits and entrances; Each man in his time plays many parts.
403	It is one of the blessings of old friends that you can afford to be stupid with them.
404	The secret of joy in work is contained in one word, excellence. To know how to do something well is to enjoy it.
405	The first duty of a human being is to assume the right functional relationship to society, more briefly, to find your real job, and do it.
406	Ideals are an imaginative understanding of that which is desirable in that which is possible.
407	We never understand how little we need in this world until we know the loss of it.
408	Never bend your head. Always hold it high. Look the world right in the eye.
409	I am of the opinion that my life belongs to the community, and as long as I live it is my privilege to do for it whatever I can.
410	We are what we repeatedly do. Excellence, then, is not an act but a habit.
411	If we had no winter, the spring would not be so pleasant; if we did not sometimes taste of adversity, prosperity would not be so welcome.
412	Forgiveness is choosing to love. It is the first skill of self-giving love.
413	However many holy words you read, However many you speak, What good will they do you If you do not act on upon them?
414	To be upset over what you don't have is to waste what you do have.
415	I am always doing that which I cannot do, in order that I may learn how to do it.
416	Every person, all the events of your life are there because you have drawn them there. What you choose to do with them is up to you.
417	And as we let our own light shine, we unconsciously give other people permission to do the same.
418	Setting an example is not the main means of influencing another, it is the only means.
419	Let yourself be silently drawn by the stronger pull of what you really love.
420	The road leading to a goal does not separate you from the destination; it is essentially a part of it.
421	Intuition will tell the thinking mind where to look next.
422	When one tugs at a single thing in nature, he finds it attached to the rest of the world.
423	The only real failure in life is not to be true to the best one knows.
424	Keep true to the dreams of thy youth.
425	Fear of failure is one attitude that will keep you at the same point in your life.
426	It is the greatest of all mistakes to do nothing because you can only do little, do what you can.
427	Adversity causes some men to break, others to break records.
428	Those who are free of resentful thoughts surely find peace.
429	Success is determined by those whom prove the impossible, possible.
430	You don't drown by falling in water. You drown by staying there.
431	Our deepest wishes are whispers of our authentic selves. We must learn to respect them. We must learn to listen.
432	Learning is finding out what you already know.
433	Don't judge each day by the harvest you reap but by the seeds you plant.
434	All our knowledge has its origins in our perceptions.
435	However many holy words you read, however many you speak, what good will they do you if you do not act on upon them?
436	To climb steep hills requires a slow pace at first.
437	Moments of complete apathy are the best for new creations.
438	Most folks are as happy as they make up their minds to be.
439	What we face may look insurmountable. But I learned something from all those years of training and competing. I learned something from all those sets and reps when I didn't think I could lift another ounce of weight. What I learned is that we are always stronger than we know.
440	He who experiences the unity of life sees his own Self in all beings, and all beings in his own Self, and looks on everything with an impartial eye.
441	Without passion man is a mere latent force and possibility, like the flint which awaits the shock of the iron before it can give forth its spark.
442	What separates the winners from the losers is how a person reacts to each new twist of fate.
443	Action may not always bring happiness; but there is no happiness without action.
444	Ignorant men don't know what good they hold in their hands until they've flung it away.
445	Quality means doing it right when no one is looking.
446	Complaining doesn't change a thing only taking action does.
447	The truth of the matter is that you always know the right thing to do. The hard part is doing it.
448	What do we live for, if it is not to make life less difficult for each other?
449	There are two primary choices in life: to accept conditions as they exist, or accept the responsibility for changing them.
450	Try and fail, but don't fail to try.
451	Many people think of prosperity that concerns money only to forget that true prosperity is of the mind.
452	Keep your eyes on the stars and your feet on the ground.
453	The future is green energy, sustainability, renewable energy.
454	Liberty, taking the word in its concrete sense, consists in the ability to choose.
455	Your body is precious. It is our vehicle for awakening. Treat it with care.
456	Consider that not only do negative thoughts and emotions destroy our experience of peace, they also undermine our health.
457	Sometimes our fate resembles a fruit tree in winter. Who would think that those branches would turn green again and blossom, but we hope it, we know it.
458	An invincible determination can accomplish almost anything and in this lies the great distinction between great men and little men.
459	Do not be too timid and squeamish about your reactions. All life is an experiment. The more experiments you make the better.
460	Blessed is the person who is too busy to worry in the daytime, and too sleepy to worry at night.
461	All great men are gifted with intuition. They know without reasoning or analysis, what they need to know.
462	If we are not fully ourselves, truly in the present moment, we miss everything.
463	Thats the risk you take if you change: that people you've been involved with won't like the new you. But other people who do will come along.
464	There is never enough time to do everything, but there is always enough time to do the most important thing.
465	The key to growth is the introduction of higher dimensions of consciousness into our awareness.
466	Think for yourselves and let others enjoy the privilege to do so too.
467	I have often regretted my speech, never my silence.
468	Life is 10% what happens to you and 90% how you react to it.
469	If you don't like something, change it. If you can't change it, change your attitude.
470	Neither a lofty degree of intelligence nor imagination nor both together go to the making of genius. Love, love, love, that is the soul of genius.
471	It is not the mistake that has the most power, instead, it is learning from the mistake to advance your own attributes.
472	You cannot make yourself feel something you do not feel, but you can make yourself do right in spite of your feelings.
473	The amount of happiness that you have depends on the amount of freedom you have in your heart.
474	Great ideas often receive violent opposition from mediocre minds.
475	A true friend is the most precious of all possessions and the one we take the least thought about acquiring.
476	Our strength grows out of our weaknesses.
477	Success is getting what you want. Happiness is wanting what you get.
478	My reputation grows with every failure.
479	Everything that happens happens as it should, and if you observe carefully, you will find this to be so.
480	Life is movement-we breathe, we eat, we walk, we move!
481	Character is like a tree and reputation like a shadow. The shadow is what we think of it; the tree is the real thing.
482	Fine words and an insinuating appearance are seldom associated with true virtue
483	The energy of the mind is the essence of life.
484	If you spend too much time thinking about a thing, you'll never get it done.
485	Training gives us an outlet for suppressed energies created by stress and thus tones the spirit just as exercise conditions the body.
486	Real success is finding your lifework in the work that you love.
487	The beginning of knowledge is the discovery of something we do not understand.
488	Think as a wise man but communicate in the language of the people.
489	The mind is the limit. As long as the mind can envision the fact that you can do something, you can do it, as long as you really believe 100 percent.
490	Invent your world. Surround yourself with people, color, sounds, and work that nourish you.
491	The best teacher is experience learned from failures.
492	I begin with an idea and then it becomes something else.
493	Happiness often sneaks in through a door you didn't know you left open.
494	If you smile when no one else is around, you really mean it.
495	You must do the things you think you cannot do.
496	Happiness is not in the mere possession of money; it lies in the joy of achievement, in the thrill of creative effort.
497	The height of your accomplishments will equal the depth of your convictions.
498	By letting it go it all gets done. The world is won by those who let it go. But when you try and try. The world is beyond the winning.
499	There never was a good knife made of bad steel.
500	Trusting our intuition often saves us from disaster.
